<?xml version="1.0" encoding="UTF-8"?>
<templates id="template" xml:space="preserve">

    <t t-name="CreateNote" owl="1">
        <div class='control-button'>
           Note
        </div>
    </t>
    <t t-name="CreateNotePopupWidget" owl="1">
        <div role="dialog" class="modal-dialog">
            <Draggable>
                <div class="popup">
                    <header class="title drag-handle">
                        <t t-esc="props.title" />
                    </header>
                    <div>
                       <p style="margin: 7px;margin-left: 37px;font-size: 17px;font-style: italic;float: left;">Enter your note.</p>
                        <textarea class="wv_note" rows="4" cols="40" placeholder="Enter your note........" t-model="state.inputValue" t-ref="input" name="note"></textarea>

                    </div>
                    <footer class="footer centered">
                        <div class="button cancel" t-on-mousedown.prevent="cancel">
                            <t t-esc="props.cancelText" />
                        </div>
                        <div class="button"  t-on-click="captureChange" >
                            <t t-esc="props.confirmText" />
                        </div>

                    </footer>
                </div>
            </Draggable>

        </div>
    </t>





    <t t-name="OrderReceipt" t-inherit="point_of_sale.OrderReceipt" t-inherit-mode="extension" owl="1">
        <xpath expr="//div[hasclass('after-footer')]" position="before">
            <t t-if="receipt.quotation_id">
                Quotation Ref: <t t-esc="receipt.quotation_id"/>
            </t>
            <br/>
            <t t-if="receipt.wv_note">
                Note: <t t-esc="receipt.wv_note"/>
            </t>
        </xpath>
    </t>
</templates>
